dataset,semantic_mrr,hybrid_mrr,hybrid_rerank_mrr,hybrid_mrr_delta,hybrid_rerank_mrr_delta
"baseline-w01",0.30405405,0.55495495,0.62477477,0.25090090,0.32072072
"advanced-retrieval-fast",0.69444444,0.82222222,0.85555556,0.12777778,0.16111112
"advanced-retrieval-w02",0.44459459,0.70360360,0.75540541,0.25900901,0.31081082
"advanced-retrieval-full",0.48750000,0.73958333,0.80468750,0.25208333,0.31718750
